phase,exp_id,dataset,num_classes,stage1_epochs,stage2_epochs,condition,attack_type,defense_name,defense_alpha,defense_tau,defense_burn_in,defense_noise_std,manual_seed,stage1_train_top1,stage1_test_top1,stage1_test_topk,mc_best_train_top1,mc_final_test_top1,mc_vs_benign_pp,mc_vs_attack_pp,vfl_utility_cost_pp,n_labeled,notes
Phase 1 Characterization,EXP-001,CIFAR10,10,30,25,benign,none,none,,,,,0,,61.63%,92.41% (k=4),84.61%,66.81%,,,,40,30ep characterization checkpoint; mc numbers from EXP-003 (100ep training)
Phase 1 Characterization,EXP-001,CIFAR10,10,30,25,active_party_a,MaliciousSGD,none,,,,,0,29.85%*,29.15%*,70.06%* (k=4),94.99%,73.14%,+10.38pp,,40,*30ep checkpoint (confounded — 100ep used in EXP-003 Stage 1). mc from EXP-003.
Phase 1 Characterization,EXP-001,CIFAR10,10,30,25,active_all_parties,MaliciousSGD-all,none,,,,,0,,62.90%,92.57% (k=4),85.39%,68.69%,+0.78pp,,40,All parties malicious; symmetric so detection not applicable
Phase 2 Defense (30ep),EXP-008,CIFAR10,10,30,25,active+defense,MaliciousSGD,AsymmetricAdaptivePerturbation,1.0,0.10,8,,0,63.39%,60.94%,92.33% (k=4),52.28%,48.96%,-32.33pp vs active (confounded),-42.71pp (confounded),-1.77pp,40,CONFOUNDED — 30ep defended vs 100ep undefended (EXP-009). Do not use for paper.
Phase 2 Defense (30ep),EXP-008,CIFAR10,10,30,25,benign+defense,none,AsymmetricAdaptivePerturbation,1.0,0.10,8,,0,64.12%,62.71%,93.75% (k=4),47.18%,45.66%,,,-0.80pp,40,Defense dormant on benign; divergence stayed below tau=0.10 throughout 30ep
Phase 2b Baselines (30ep),EXP-009,CIFAR10,10,30,25,benign,none,none,,,,,0,,61.63%,,(47.98%),47.11%,,,-0.68pp (vs 62.71%),40,30ep fair baseline. Attack (23.45%) < benign (47.98%) — attack not converged at 30ep
Phase 2b Baselines (30ep),EXP-009,CIFAR10,10,30,25,active_party_a,MaliciousSGD,none,,,,,0,29.85%,29.15%,,23.45%,23.07%,-24.53pp vs benign,,40,Attack BELOW benign at 30ep — MaliciousSGD not yet converged
Phase 3b Ablation (30ep Stage1 only),EXP-010,CIFAR10,10,30,,active+defense,MaliciousSGD,AsymmetricAdaptivePerturbation,0.5,0.10,8,,0,,63.59%,93.59% (k=4),,,,,40,Stage 1 VFL only — no MC run; 30ep ablation data
Phase 3b Ablation (30ep Stage1 only),EXP-010,CIFAR10,10,30,,active+defense,MaliciousSGD,AsymmetricAdaptivePerturbation,2.0,0.10,8,,0,,59.69%,91.06% (k=4),,,,,40,Stage 1 VFL only — no MC run; 30ep ablation data
Phase 3b Ablation (30ep Stage1 only),EXP-010,CIFAR10,10,30,,active+defense,MaliciousSGD,AsymmetricAdaptivePerturbation,1.0,0.05,8,,0,,56.70%,88.36% (k=4),,,,,40,Stage 1 VFL only — no MC run; 30ep ablation data
Phase 3b Ablation (30ep Stage1 only),EXP-010,CIFAR10,10,30,,active+defense,MaliciousSGD,AsymmetricAdaptivePerturbation,1.0,0.15,8,,0,,60.61%,92.01% (k=4),,,,,40,Stage 1 VFL only — no MC run; 30ep ablation data
Phase 3b Ablation (30ep Stage1 only),EXP-010,CIFAR10,10,30,,benign+defense,none,AsymmetricAdaptivePerturbation,1.0,0.05,8,,0,,59.27%,91.49% (k=4),,,,,40,Stage 1 VFL only — no MC run; 30ep ablation data
Phase 3b Ablation (30ep Stage1 only),EXP-010,CIFAR10,10,30,,benign+defense,none,AsymmetricAdaptivePerturbation,1.0,0.15,8,,0,,61.41%,89.28% (k=4),,,,,40,Stage 1 VFL only — no MC run; 30ep ablation data
Phase 4 Three-Way (100ep),EXP-011,CIFAR10,10,100,25,benign,none,none,,,,,0,100.00%,81.45%,97.20% (k=4),87.23%,69.07%,baseline,baseline,,40,PRIMARY RESULT — epoch-confound resolved; seed=0 single run
Phase 4 Three-Way (100ep),EXP-011,CIFAR10,10,100,25,active_party_a,MaliciousSGD,none,,,,,0,100.00%,80.86%,96.73% (k=4),95.42%,73.67%,+8.19pp,baseline,-0.59pp vs benign VFL,40,PRIMARY RESULT — seed=0
Phase 4 Three-Way (100ep),EXP-011,CIFAR10,10,100,25,active+defense,MaliciousSGD,AsymmetricAdaptivePerturbation,1.0,0.10,8,,0,99.98%,79.52%,96.50% (k=4),84.27%,74.97%,-2.96pp,-11.15pp,-1.93pp,40,PRIMARY RESULT — defended below benign ✅; scale=0 from epoch 74
Phase 7 Competitor MC (30ep),EXP-014,CIFAR10,10,30,25,active+gc,MaliciousSGD+GC,GradientCompression_75pct,,,,,0,,67.17%,,69.22%,,,-25.77pp vs our attack,40,30ep checkpoint; competitor comparison only
Phase 7 Competitor MC (30ep),EXP-014,CIFAR10,10,30,25,active+laplace,MaliciousSGD+Laplace,LaplaceDP_scale0.001,,,,,0,,56.45%,,53.41%,,,40,30ep checkpoint; competitor comparison only
Phase 7 Competitor MC (30ep),EXP-014,CIFAR10,10,30,25,benign+laplace_dp,none,LaplaceDP_scale0.001,,,,,0,,56.45%,,10.01%,,,40,Laplace DP as privacy defense — near-random; utility preserved (56.45% VFL)
Phase 8 Ablation MC (100ep),EXP-015,CIFAR10,10,100,25,active+defense,MaliciousSGD,AsymmetricAdaptivePerturbation,0.5,0.10,8,,0,,81.09%,96.38% (k=4),94.57%,,+7.34pp,-0.85pp,-0.36pp vs benign VFL,40,Too weak — nearly identical to undefended ❌
Phase 8 Ablation MC (100ep),EXP-015,CIFAR10,10,100,25,active+defense,MaliciousSGD,AsymmetricAdaptivePerturbation,2.0,0.10,8,,0,,79.55%,96.51% (k=4),76.79%,,-10.44pp,-18.63pp,-1.90pp vs benign VFL,40,Strongest suppression ✅✅ — 10.44pp below benign
Phase 8 Ablation MC (100ep),EXP-015,CIFAR10,10,100,25,active+defense,MaliciousSGD,AsymmetricAdaptivePerturbation,1.0,0.05,8,,0,,78.23%,96.41% (k=4),81.58%,,-5.65pp,-13.84pp,-3.22pp vs benign VFL,40,Earlier detection — stronger suppression ✅
Phase 8 Ablation MC (100ep),EXP-015,CIFAR10,10,100,25,active+defense,MaliciousSGD,AsymmetricAdaptivePerturbation,1.0,0.15,8,,0,,78.94%,96.82% (k=4),85.98%,,-1.25pp,-9.44pp,-2.51pp vs benign VFL,40,Later detection — weaker but still below benign ✅ (marginal)
Phase 6B Seed Sweep (100ep),EXP-016,CIFAR10,10,100,25,benign,none,none,,,,,42,,,,81.90%,,baseline,baseline,,40,Multi-seed benign ref seed-42
Phase 6B Seed Sweep (100ep),EXP-016,CIFAR10,10,100,25,active_party_a,MaliciousSGD,none,,,,,42,,,,94.32%,,+12.42pp,baseline,,40,Multi-seed attack seed-42
Phase 6B Seed Sweep (100ep),EXP-016,CIFAR10,10,100,25,active+defense,MaliciousSGD,AsymmetricAdaptivePerturbation,1.0,0.10,8,,42,,,,80.16%,,-1.74pp,-14.16pp,,40,Defended below benign ✅ seed-42
Phase 6B Seed Sweep (100ep),EXP-016,CIFAR10,10,100,25,benign,none,none,,,,,123,,,,80.78%,,baseline,baseline,,40,Multi-seed benign ref seed-123
Phase 6B Seed Sweep (100ep),EXP-016,CIFAR10,10,100,25,active_party_a,MaliciousSGD,none,,,,,123,,,,95.33%,,+14.55pp,baseline,,40,Multi-seed attack seed-123
Phase 6B Seed Sweep (100ep),EXP-016,CIFAR10,10,100,25,active+defense,MaliciousSGD,AsymmetricAdaptivePerturbation,1.0,0.10,8,,123,,,,80.61%,,-0.17pp,-14.72pp,,40,Defended below benign ✅ seed-123 (narrowest margin)
Phase 6B Seed Sweep (100ep),EXP-016,CIFAR10,10,100,25,benign,none,none,,,,,456,,,,82.53%,,baseline,baseline,,40,Multi-seed benign ref seed-456
Phase 6B Seed Sweep (100ep),EXP-016,CIFAR10,10,100,25,active_party_a,MaliciousSGD,none,,,,,456,,,,94.73%,,+12.20pp,baseline,,40,Multi-seed attack seed-456
Phase 6B Seed Sweep (100ep),EXP-016,CIFAR10,10,100,25,active+defense,MaliciousSGD,AsymmetricAdaptivePerturbation,1.0,0.10,8,,456,,,,82.14%,,-0.39pp,-12.59pp,,40,Defended below benign ✅ seed-456
Phase 6B Seed Sweep (100ep),EXP-016,CIFAR10,10,100,25,MEAN_4seeds,MaliciousSGD/none,AsymmetricAdaptivePerturbation,1.0,0.10,8,,all,,,,,83.11%±2.84%,94.95%±0.52%,81.80%±1.85%,-1.32pp (mean),-13.15pp (mean),,40,4/4 seeds defended < benign. PUBLISHABLE MULTI-SEED RESULT ✅
Phase 11a Asymmetry Check (100ep),EXP-017,CIFAR10,10,100,25,benign+defense,none,AsymmetricAdaptivePerturbation,1.0,0.10,8,,0,,,,84.35%,66.48%,+1.24pp vs mean (within variance),,0pp (defense dormant),40,Defense dormant on benign CIFAR-10 at 100ep — divergence never exceeded tau=0.10
Phase 12 Sign-flip (100ep),EXP-023,CIFAR10,10,100,25,active+sign_flip,MaliciousSGD,AsymmetricAdaptivePerturbation+SignFlip,1.0,0.10,8,,0,,,,86.40%,,+3.29pp above benign ❌,-8.55pp,,40,Sign-flip FAILS — above benign. Weaker than standard defense (81.80% mean). Do not use.
